url,label
https://openai.com/about/blog/help,good
http://update-account817.info/update,phishing
https://github.com/contact/blog/help,good
http://payment-secure998.net/account,phishing
http://login-now835.net/account,phishing
https://python.org/about,good
https://apple.com/blog/about,good
https://python.org/blog,good
https://wikipedia.org/help/news,good
http://account-update698.info/update,phishing
https://python.org/help/about,good
https://python.org/contact,good
http://account-update139.net/update,phishing
http://payment-secure674.com/account,phishing
https://microsoft.com/help/blog,good
http://free-gift874.com/login,phishing
https://wikipedia.org/help/news/blog,good
https://wikipedia.org/blog/news/help,good
https://microsoft.com/products/contact/help,good
https://amazon.com/contact/products,good
http://confirm-details884.info/secure,phishing
http://win-prize690.org/secure,phishing
http://free-gift241.com/update,phishing
http://free-gift646.info/update,phishing
http://verify-info234.com/secure,phishing
http://verify-info893.info/login,phishing
http://win-prize790.com/account,phishing
https://python.org/contact/about/help,good
http://free-gift713.net/login,phishing
https://github.com/news/news/products,good
https://openai.com/help/news/blog,good
http://account-update695.net/account,phishing
https://apple.com/about/news/news,good
http://free-gift857.com/account,phishing
http://free-gift440.com/update,phishing
http://update-account250.info/secure,phishing
https://wikipedia.org/contact,good
https://amazon.com/contact,good
https://python.org/help,good
https://example.com/help/about/about,good
https://linkedin.com/blog/contact/products,good
https://wikipedia.org/about,good
https://github.com/about,good
http://verify-info391.com/account,phishing
https://example.com/about,good
http://login-now693.org/secure,phishing
http://login-now927.info/account,phishing
https://example.com/help,good
https://microsoft.com/products,good
http://account-update833.net/update,phishing
http://secure-login502.net/update,phishing
http://account-update856.info/update,phishing
https://amazon.com/contact/about/products,good
http://bank-secure799.net/update,phishing
http://update-account761.com/login,phishing
https://github.com/contact/blog/blog,good
http://account-update297.info/account,phishing
http://free-gift277.org/account,phishing
https://wikipedia.org/news,good
https://stackoverflow.com/help/news/contact,good
https://microsoft.com/about/blog,good
https://amazon.com/about,good
http://free-gift712.com/login,phishing
https://example.com/products/help/help,good
http://login-now989.org/account,phishing
https://apple.com/blog/blog,good
http://verify-info791.com/login,phishing
https://apple.com/products,good
http://win-prize368.org/update,phishing
http://login-now516.info/secure,phishing
https://github.com/blog/help/news,good
https://stackoverflow.com/products/contact/contact,good
http://free-gift589.org/secure,phishing
http://verify-info733.org/secure,phishing
http://free-gift214.info/secure,phishing
https://example.com/contact,good
http://free-gift396.org/account,phishing
https://openai.com/products/blog/news,good
http://secure-login897.org/secure,phishing
https://apple.com/contact,good
http://payment-secure752.com/login,phishing
http://win-prize779.com/secure,phishing
http://verify-info663.org/account,phishing
https://linkedin.com/contact,good
https://wikipedia.org/products/blog,good
https://wikipedia.org/products/news,good
http://verify-info379.net/update,phishing
https://github.com/news,good
http://payment-secure635.net/login,phishing
https://apple.com/products/contact,good
https://openai.com/about/blog,good
http://secure-login197.net/update,phishing
http://verify-info960.com/account,phishing
https://apple.com/blog/products,good
http://update-account603.info/update,phishing
http://verify-info453.net/secure,phishing
http://free-gift146.com/login,phishing
http://payment-secure652.com/account,phishing
https://apple.com/about/about/help,good
http://confirm-details236.info/account,phishing
https://amazon.com/blog,good
https://linkedin.com/about/about/help,good
https://stackoverflow.com/contact/news/products,good
http://verify-info317.com/account,phishing
http://bank-secure563.org/login,phishing
http://win-prize969.org/update,phishing
http://free-gift137.com/login,phishing
https://openai.com/about/products/help,good
http://win-prize658.org/login,phishing
https://example.com/products/blog,good
http://free-gift712.net/secure,phishing
http://secure-login473.info/update,phishing
http://free-gift235.org/account,phishing
http://payment-secure815.com/login,phishing
http://verify-info720.com/secure,phishing
https://linkedin.com/news,good
https://openai.com/about/about/contact,good
http://login-now808.com/login,phishing
http://bank-secure446.net/account,phishing
http://bank-secure461.com/account,phishing
https://wikipedia.org/help,good
http://account-update921.net/account,phishing
http://secure-login535.net/update,phishing
http://verify-info969.info/login,phishing
https://apple.com/contact/blog/news,good
http://secure-login707.info/update,phishing
http://bank-secure751.info/secure,phishing
https://apple.com/blog,good
https://stackoverflow.com/products,good
https://microsoft.com/about/products/products,good
http://win-prize529.info/update,phishing
https://microsoft.com/products/help,good
https://apple.com/news/products/products,good
http://free-gift140.com/update,phishing
https://openai.com/blog,good
http://update-account881.info/account,phishing
https://github.com/news/contact/help,good
http://login-now152.com/update,phishing
http://update-account672.net/update,phishing
https://stackoverflow.com/help/help/contact,good
http://verify-info415.info/secure,phishing
http://secure-login203.org/account,phishing
https://python.org/contact/contact/blog,good
http://confirm-details768.com/update,phishing
http://verify-info890.info/secure,phishing
https://apple.com/blog/news,good
http://win-prize413.org/account,phishing
https://openai.com/blog/contact,good
https://apple.com/blog/help/products,good
https://apple.com/contact/blog/about,good
http://win-prize814.com/account,phishing
https://linkedin.com/news/about,good
http://login-now179.org/secure,phishing
https://github.com/blog/blog,good
http://verify-info583.org/update,phishing
https://python.org/products,good
http://verify-info441.net/update,phishing
https://linkedin.com/contact/contact/blog,good
https://amazon.com/products/about,good
https://linkedin.com/help/contact,good
http://update-account688.info/account,phishing
https://openai.com/news/news,good
http://confirm-details352.info/account,phishing
https://microsoft.com/about/contact,good
https://apple.com/products/products,good
https://linkedin.com/about/blog/products,good
https://example.com/blog/blog,good
http://account-update145.org/update,phishing
https://python.org/about/contact/help,good
https://openai.com/blog,good
https://amazon.com/products/help,good
https://openai.com/products/about,good
http://login-now589.org/login,phishing
https://microsoft.com/products/products/news,good
http://secure-login233.net/update,phishing
http://payment-secure796.net/account,phishing
https://example.com/blog,good
https://linkedin.com/blog,good
https://openai.com/help,good
http://login-now151.info/login,phishing
http://login-now646.com/login,phishing
https://wikipedia.org/about/blog,good
https://example.com/help/about/blog,good
http://free-gift541.info/update,phishing
https://github.com/blog/products,good
https://linkedin.com/news/news/about,good
http://login-now945.org/update,phishing
http://bank-secure307.com/account,phishing
https://microsoft.com/help/blog,good
http://win-prize769.net/account,phishing
http://verify-info467.net/secure,phishing
http://payment-secure803.net/login,phishing
https://openai.com/news,good
http://win-prize434.net/login,phishing
https://wikipedia.org/help/products/blog,good
http://secure-login876.net/secure,phishing
http://secure-login589.info/update,phishing
https://python.org/contact/help/news,good
http://secure-login853.net/update,phishing
https://linkedin.com/blog/about/help,good
https://wikipedia.org/about/help,good
https://amazon.com/products/blog/contact,good
http://free-gift931.com/update,phishing
http://payment-secure483.com/account,phishing
https://linkedin.com/about/about/help,good
https://openai.com/contact/news,good
http://free-gift504.com/secure,phishing
https://linkedin.com/products/news/news,good
http://bank-secure572.org/account,phishing
http://win-prize687.net/update,phishing
https://python.org/contact/blog/help,good
https://wikipedia.org/products,good
https://python.org/blog,good
https://microsoft.com/about/blog/blog,good
https://amazon.com/help,good
https://linkedin.com/blog/blog/about,good
https://python.org/news,good
https://openai.com/about/news/news,good
https://amazon.com/products/news/products,good
https://github.com/blog,good
http://login-now962.net/login,phishing
https://linkedin.com/blog,good
https://apple.com/products/about,good
http://login-now157.org/login,phishing
http://update-account752.com/update,phishing
http://verify-info766.org/login,phishing
https://python.org/blog/news/about,good
https://wikipedia.org/help,good
https://openai.com/about/blog/blog,good
https://wikipedia.org/blog/help/contact,good
http://payment-secure605.net/update,phishing
http://update-account135.net/secure,phishing
http://account-update240.info/update,phishing
http://bank-secure641.info/login,phishing
https://apple.com/about,good
https://amazon.com/about,good
https://wikipedia.org/about,good
http://confirm-details730.org/secure,phishing
http://secure-login129.net/update,phishing
http://account-update662.net/account,phishing
http://win-prize173.org/secure,phishing
http://verify-info248.com/login,phishing
https://apple.com/about,good
http://win-prize335.org/update,phishing
http://login-now469.net/account,phishing
http://verify-info208.info/update,phishing
https://linkedin.com/about,good
http://update-account525.net/secure,phishing
https://microsoft.com/blog/about/help,good
http://secure-login362.info/update,phishing
http://update-account754.net/update,phishing
https://python.org/about/contact/help,good
https://wikipedia.org/news/help,good
http://payment-secure667.net/update,phishing
https://github.com/about/news,good
https://openai.com/help,good
http://free-gift177.info/account,phishing
https://wikipedia.org/about/blog/about,good
http://confirm-details909.org/secure,phishing
http://update-account997.net/update,phishing
http://account-update203.net/account,phishing
https://openai.com/blog,good
https://example.com/news/help,good
https://apple.com/contact/contact/about,good
https://amazon.com/about/contact,good
https://microsoft.com/products/products,good
https://microsoft.com/about,good
https://amazon.com/blog/help/help,good
http://payment-secure761.net/login,phishing
http://login-now585.org/login,phishing
https://amazon.com/contact/about,good
http://update-account341.org/update,phishing
https://apple.com/about,good
http://login-now975.com/account,phishing
http://account-update738.com/secure,phishing
https://amazon.com/help/products,good
https://stackoverflow.com/help,good
https://python.org/news/contact,good
https://apple.com/about/blog/products,good
http://secure-login742.net/login,phishing
https://wikipedia.org/products/blog/contact,good
http://verify-info766.org/secure,phishing
https://microsoft.com/blog/contact,good
https://amazon.com/products,good
https://apple.com/help/blog/products,good
https://stackoverflow.com/help/contact/blog,good
https://wikipedia.org/about,good
http://account-update622.info/login,phishing
https://linkedin.com/contact/blog,good
http://confirm-details581.net/account,phishing
https://wikipedia.org/news/help,good
http://verify-info315.info/login,phishing
https://amazon.com/news,good
https://github.com/help/news,good
http://confirm-details647.info/account,phishing
http://free-gift515.net/account,phishing
http://account-update799.net/update,phishing
http://free-gift525.org/account,phishing
https://linkedin.com/help,good
http://free-gift522.org/login,phishing
http://verify-info762.info/login,phishing
https://apple.com/blog/products,good
http://secure-login558.com/account,phishing
http://secure-login410.com/update,phishing
https://amazon.com/news/products,good
http://account-update701.org/account,phishing
http://verify-info394.info/secure,phishing
http://login-now629.info/login,phishing
https://microsoft.com/help,good
https://stackoverflow.com/help/blog,good
http://free-gift697.com/login,phishing
http://bank-secure962.com/secure,phishing
https://example.com/news,good
http://verify-info435.net/login,phishing
https://linkedin.com/blog/products/news,good
http://account-update346.com/account,phishing
https://wikipedia.org/blog/products/contact,good
https://python.org/news,good
https://example.com/products,good
http://account-update679.com/account,phishing
https://stackoverflow.com/help,good
https://amazon.com/about,good
http://win-prize645.org/update,phishing
http://login-now522.net/account,phishing
https://amazon.com/about,good
https://github.com/contact/contact,good
http://payment-secure555.info/update,phishing
https://wikipedia.org/contact,good
https://github.com/blog/about,good
http://confirm-details255.com/account,phishing
http://verify-info788.info/secure,phishing
https://example.com/contact/news/about,good
https://linkedin.com/contact/help,good
http://update-account191.net/secure,phishing
http://account-update109.net/secure,phishing
https://python.org/blog/help,good
http://confirm-details934.info/account,phishing
http://free-gift589.org/login,phishing
https://apple.com/products/contact/contact,good
http://verify-info665.net/account,phishing
http://confirm-details506.info/login,phishing
http://payment-secure163.net/secure,phishing
http://free-gift548.com/update,phishing
http://bank-secure210.com/account,phishing
http://update-account100.org/account,phishing
https://apple.com/contact/contact/contact,good
http://bank-secure744.net/login,phishing
http://bank-secure866.net/login,phishing
http://payment-secure501.net/update,phishing
https://github.com/contact,good
http://bank-secure677.com/login,phishing
http://secure-login427.com/account,phishing
https://example.com/about/news/help,good
https://amazon.com/blog/products,good
http://verify-info566.org/update,phishing
https://wikipedia.org/about/blog/products,good
http://secure-login737.info/account,phishing
https://stackoverflow.com/help/news,good
http://confirm-details373.net/account,phishing
https://microsoft.com/help/contact/help,good
https://amazon.com/news/news,good
https://python.org/products/help,good
http://confirm-details616.org/secure,phishing
http://account-update463.info/login,phishing
https://apple.com/products,good
http://win-prize348.org/secure,phishing
https://amazon.com/blog/contact,good
http://free-gift361.org/account,phishing
http://verify-info398.com/login,phishing
http://win-prize970.org/update,phishing
https://openai.com/about,good
http://confirm-details943.org/secure,phishing
http://verify-info754.net/login,phishing
https://stackoverflow.com/contact/about,good
https://linkedin.com/products/help/about,good
http://win-prize341.info/update,phishing
https://openai.com/blog,good
https://wikipedia.org/news,good
https://stackoverflow.com/help,good
https://wikipedia.org/products/about,good
https://openai.com/products/products/contact,good
https://amazon.com/products/blog,good
http://bank-secure692.org/login,phishing
http://verify-info273.info/update,phishing
https://python.org/about,good
http://bank-secure690.org/update,phishing
http://login-now700.info/account,phishing
http://update-account141.info/update,phishing
http://bank-secure228.info/update,phishing
http://win-prize413.org/update,phishing
https://wikipedia.org/about,good
http://payment-secure648.net/secure,phishing
http://win-prize424.info/login,phishing
https://linkedin.com/contact,good
http://confirm-details919.info/account,phishing
https://wikipedia.org/about/products/products,good
https://wikipedia.org/products/help,good
https://amazon.com/about,good
https://amazon.com/contact/products,good
https://stackoverflow.com/contact,good
http://verify-info608.net/update,phishing
https://example.com/help,good
https://openai.com/contact/news,good
https://example.com/news,good
http://account-update643.org/update,phishing
http://login-now221.info/update,phishing
https://linkedin.com/help/products/help,good
http://update-account834.info/update,phishing
http://login-now933.com/update,phishing
https://openai.com/blog/blog/blog,good
http://login-now769.net/update,phishing
http://login-now567.info/login,phishing
https://wikipedia.org/about,good
https://linkedin.com/help/products/products,good
https://stackoverflow.com/products,good
https://linkedin.com/help,good
http://account-update649.com/update,phishing
https://example.com/about/products/news,good
http://confirm-details733.net/update,phishing
http://free-gift929.net/account,phishing
https://example.com/help,good
https://stackoverflow.com/help/news,good
https://apple.com/news/news/news,good
http://win-prize555.com/update,phishing
https://apple.com/news/help/blog,good
https://apple.com/products/help,good
http://secure-login204.net/secure,phishing
http://free-gift690.info/secure,phishing
http://verify-info880.org/update,phishing
http://update-account701.net/account,phishing
http://secure-login996.info/secure,phishing
http://confirm-details273.com/login,phishing
http://update-account712.info/update,phishing
http://login-now753.info/secure,phishing
http://update-account377.info/update,phishing
https://openai.com/about,good
http://bank-secure443.com/account,phishing
https://example.com/products/blog,good
https://python.org/help/blog/news,good
https://openai.com/about/help,good
http://verify-info561.org/secure,phishing
https://wikipedia.org/contact,good
http://verify-info534.info/secure,phishing
http://confirm-details396.info/secure,phishing
https://python.org/news/blog,good
https://apple.com/about/blog,good
http://verify-info399.info/update,phishing
http://free-gift541.info/update,phishing
http://account-update141.org/secure,phishing
http://update-account399.info/login,phishing
https://wikipedia.org/blog,good
https://wikipedia.org/contact/about/blog,good
https://openai.com/help/blog,good
https://example.com/blog,good
http://free-gift781.info/secure,phishing
http://free-gift694.com/account,phishing
http://secure-login195.net/update,phishing
http://payment-secure776.info/secure,phishing
https://amazon.com/blog,good
http://update-account715.net/account,phishing
https://github.com/news,good
https://openai.com/products/products/help,good
http://secure-login594.com/login,phishing
https://openai.com/about/products/about,good
https://apple.com/about/news,good
http://update-account771.net/account,phishing
https://github.com/news/about/contact,good
https://apple.com/products/products,good
http://verify-info418.org/update,phishing
http://win-prize919.info/secure,phishing
https://microsoft.com/about/products,good
https://example.com/contact/contact/about,good
https://linkedin.com/products/contact/blog,good
http://update-account420.org/login,phishing
http://login-now225.net/update,phishing
http://confirm-details636.com/update,phishing
http://bank-secure813.com/account,phishing
https://example.com/contact,good
http://win-prize801.info/secure,phishing
https://amazon.com/contact,good
https://linkedin.com/blog/blog/about,good
http://free-gift275.info/account,phishing
https://wikipedia.org/help,good
http://win-prize228.org/login,phishing
https://stackoverflow.com/products/contact/news,good
https://microsoft.com/about,good
http://account-update922.com/update,phishing
https://python.org/help,good
https://linkedin.com/about/blog,good
http://secure-login239.org/account,phishing
http://confirm-details461.com/update,phishing
http://win-prize583.org/update,phishing
http://win-prize373.org/login,phishing
http://secure-login732.net/secure,phishing
https://openai.com/news,good
http://payment-secure536.net/secure,phishing
https://amazon.com/news/contact,good
https://example.com/products/blog,good
http://secure-login851.org/secure,phishing
https://wikipedia.org/help/news/about,good
https://snapinsta.to/en,good
http://cash-prize862.biz/secure,phishing
http://safe-banking294.co/update,phishing
http://paypal-verify460.org/account,phishing
http://credit-card-confirm458.co/update,phishing
http://account-security411.net/login,phishing
http://cash-prize630.com/account,phishing
http://lottery-winner822.pro/secure,phishing
http://secure-access608.com/update,phishing
http://free-gift549.top/update,phishing
http://lottery-winner883.co/update,phishing
http://confirm-details774.online/update,phishing
http://banking-alert800.club/account,phishing
http://win-gift315.info/login,phishing
http://urgent-update193.xyz/account,phishing
http://cash-prize744.net/login,phishing
http://claim-reward493.co/account,phishing
http://cash-prize205.xyz/update,phishing
http://account-update567.pro/account,phishing
http://lottery-winner510.club/login,phishing
http://credit-card-confirm830.shop/secure,phishing
http://login-now616.pro/login,phishing
http://urgent-update760.xyz/login,phishing
http://free-offer333.shop/login,phishing
http://user-verification216.pro/secure,phishing
http://lottery-winner463.co/secure,phishing
http://verify-info366.biz/secure,phishing
http://paypal-verify467.org/login,phishing
http://claim-reward439.net/login,phishing
http://payment-secure482.pro/secure,phishing
http://win-prize180.pro/account,phishing
http://paypal-verify877.top/secure,phishing
http://free-gift897.store/account,phishing
http://free-offer589.pro/login,phishing
http://urgent-update912.co/account,phishing
http://lottery-winner766.shop/account,phishing
http://claim-reward816.info/account,phishing
http://win-gift561.xyz/update,phishing
http://secure-access163.pro/login,phishing
http://free-gift396.club/update,phishing
http://free-gift233.xyz/login,phishing
http://account-update580.shop/login,phishing
http://secure-access924.com/update,phishing
http://win-prize208.club/secure,phishing
http://free-offer487.xyz/update,phishing
http://paypal-verify280.co/login,phishing
http://confirm-details251.com/secure,phishing
http://cash-prize679.org/secure,phishing
http://credit-card-confirm590.net/account,phishing
http://account-update100.club/login,phishing
http://lottery-winner753.store/update,phishing
http://claim-reward830.online/update,phishing
http://account-update794.co/login,phishing
http://verify-info380.info/login,phishing
http://banking-alert434.net/secure,phishing
http://paypal-verify857.ru/update,phishing
http://bank-secure385.info/account,phishing
http://free-gift942.co/account,phishing
http://user-verification692.top/secure,phishing
http://paypal-verify402.pro/secure,phishing
http://win-prize940.pro/secure,phishing
http://safe-banking178.com/secure,phishing
http://cash-prize948.biz/update,phishing
http://account-security649.net/account,phishing
http://apple-support759.club/update,phishing
http://win-prize701.ru/login,phishing
http://microsoft-secure909.info/login,phishing
http://win-gift974.online/secure,phishing
http://apple-support357.info/secure,phishing
http://payment-secure233.shop/login,phishing
http://paypal-verify834.org/account,phishing
http://free-gift127.info/update,phishing
http://apple-support849.org/secure,phishing
http://payment-secure805.com/login,phishing
http://user-verification791.store/update,phishing
http://lottery-winner987.com/login,phishing
http://claim-reward833.ru/secure,phishing
http://free-offer737.co/update,phishing
http://free-offer808.shop/login,phishing
http://payment-secure690.online/secure,phishing
http://account-update897.ru/account,phishing
http://secure-access447.net/login,phishing
http://safe-banking285.online/secure,phishing
http://apple-support134.pro/login,phishing
http://lottery-winner325.co/secure,phishing
http://safe-banking526.store/login,phishing
http://paypal-verify871.co/login,phishing
http://cash-prize979.biz/secure,phishing
http://bank-secure533.net/account,phishing
http://bank-secure231.store/login,phishing
http://win-gift630.xyz/secure,phishing
http://banking-alert132.biz/login,phishing
http://free-offer871.org/update,phishing
http://secure-access942.club/login,phishing
http://win-gift921.ru/update,phishing
http://paypal-verify307.org/login,phishing
http://cash-prize624.store/account,phishing
http://apple-support133.net/secure,phishing
http://microsoft-secure279.club/secure,phishing
http://account-update225.shop/account,phishing
http://free-offer495.online/update,phishing
http://urgent-update222.online/secure,phishing
http://urgent-update633.store/login,phishing
http://account-update378.shop/account,phishing
http://secure-access738.xyz/login,phishing
http://apple-support516.top/secure,phishing
http://win-prize389.club/update,phishing
http://user-verification195.shop/update,phishing
http://paypal-verify903.biz/secure,phishing
http://account-update193.biz/account,phishing
http://payment-secure723.pro/account,phishing
http://free-offer453.store/login,phishing
http://confirm-details151.shop/update,phishing
http://free-offer216.com/update,phishing
http://apple-support390.ru/secure,phishing
http://cash-prize105.pro/login,phishing
http://bank-secure801.top/login,phishing
http://lottery-winner447.pro/update,phishing
http://win-prize725.org/login,phishing
http://free-offer802.com/update,phishing
http://safe-banking243.info/account,phishing
http://secure-access989.store/update,phishing
http://paypal-verify367.club/account,phishing
http://win-prize667.org/update,phishing
http://paypal-verify617.net/update,phishing
http://win-prize784.club/secure,phishing
http://user-verification678.co/login,phishing
http://cash-prize985.store/secure,phishing
http://account-update273.net/account,phishing
http://confirm-details209.biz/account,phishing
http://win-prize550.net/account,phishing
http://paypal-verify653.com/login,phishing
http://microsoft-secure910.ru/account,phishing
http://login-now251.online/login,phishing
http://free-gift871.pro/update,phishing
http://lottery-winner301.online/secure,phishing
http://urgent-update935.online/secure,phishing
http://safe-banking753.xyz/secure,phishing
http://bank-secure519.com/login,phishing
http://lottery-winner852.club/login,phishing
http://account-update518.shop/account,phishing
http://cash-prize608.com/secure,phishing
http://urgent-update467.com/login,phishing
http://win-prize412.net/update,phishing
http://claim-reward226.store/secure,phishing
http://safe-banking640.store/login,phishing
http://safe-banking206.biz/secure,phishing
http://bank-secure877.pro/update,phishing
http://win-gift585.club/update,phishing
http://safe-banking150.top/login,phishing
http://apple-support125.store/login,phishing
http://account-update860.ru/update,phishing
http://account-update134.xyz/update,phishing
http://cash-prize490.info/update,phishing
http://urgent-update158.pro/login,phishing
http://urgent-update459.info/secure,phishing
http://user-verification830.store/login,phishing
http://lottery-winner733.ru/login,phishing
http://bank-secure406.xyz/update,phishing
http://account-security940.online/secure,phishing
http://claim-reward170.com/secure,phishing
http://free-gift618.store/update,phishing
http://secure-access103.club/account,phishing
http://free-offer204.info/secure,phishing
http://free-gift941.xyz/update,phishing
http://secure-access964.org/login,phishing
http://free-offer615.ru/account,phishing
http://login-now558.ru/update,phishing
http://bank-secure241.pro/update,phishing
http://banking-alert398.org/update,phishing
http://credit-card-confirm101.biz/login,phishing
http://lottery-winner215.biz/secure,phishing
http://claim-reward458.biz/account,phishing
http://free-offer601.com/secure,phishing
http://urgent-update297.co/update,phishing
http://win-prize888.com/secure,phishing
http://login-now196.club/secure,phishing
http://confirm-details848.xyz/login,phishing
http://urgent-update805.info/update,phishing
http://banking-alert487.club/account,phishing
http://cash-prize258.com/login,phishing
http://account-security597.online/update,phishing
http://credit-card-confirm936.store/secure,phishing
http://bank-secure619.org/account,phishing
http://microsoft-secure885.biz/secure,phishing
http://credit-card-confirm891.store/secure,phishing
http://win-gift473.online/secure,phishing
http://account-update524.com/login,phishing
http://payment-secure346.biz/update,phishing
http://free-offer131.net/login,phishing
http://account-security908.online/login,phishing
http://claim-reward588.com/account,phishing
http://account-update316.online/account,phishing
http://claim-reward463.com/login,phishing
http://banking-alert488.store/update,phishing
http://credit-card-confirm544.info/secure,phishing
http://win-prize557.xyz/update,phishing
http://banking-alert953.ru/account,phishing
http://account-security320.top/login,phishing
http://account-update352.co/login,phishing
http://banking-alert318.shop/account,phishing
http://win-prize470.biz/login,phishing
http://free-gift555.xyz/login,phishing
http://bank-secure519.co/login,phishing
http://free-offer964.info/update,phishing
http://apple-support176.pro/login,phishing
http://banking-alert842.net/login,phishing
http://user-verification639.xyz/secure,phishing
http://safe-banking384.co/login,phishing
http://apple-support211.net/update,phishing
http://cash-prize496.info/update,phishing
http://bank-secure737.xyz/account,phishing
http://paypal-verify562.top/secure,phishing
http://verify-info704.online/update,phishing
http://safe-banking494.co/account,phishing
http://lottery-winner573.org/account,phishing
http://account-update592.store/secure,phishing
http://urgent-update793.shop/update,phishing
http://verify-info234.xyz/secure,phishing
http://banking-alert422.pro/update,phishing
http://free-offer144.club/account,phishing
http://bank-secure880.info/update,phishing
http://bank-secure162.shop/update,phishing
http://win-gift654.online/secure,phishing
http://verify-info239.info/update,phishing
http://secure-access818.co/account,phishing
http://urgent-update714.store/secure,phishing
http://free-offer520.info/secure,phishing
http://paypal-verify517.club/account,phishing
http://safe-banking647.org/login,phishing
http://urgent-update750.shop/account,phishing
http://microsoft-secure506.info/update,phishing
http://paypal-verify857.ru/login,phishing
http://account-security147.online/account,phishing
http://login-now838.top/update,phishing
http://free-gift988.store/update,phishing
http://verify-info378.biz/secure,phishing
http://login-now852.store/account,phishing
http://win-prize331.store/update,phishing
http://microsoft-secure428.pro/update,phishing
http://verify-info789.info/login,phishing
http://paypal-verify138.online/account,phishing
http://login-now847.club/login,phishing
http://confirm-details366.info/update,phishing
http://win-gift961.ru/update,phishing
http://lottery-winner344.online/secure,phishing
http://win-gift185.pro/account,phishing
http://apple-support909.info/update,phishing
http://safe-banking586.shop/login,phishing
http://bank-secure565.co/login,phishing
http://confirm-details415.pro/secure,phishing
http://user-verification781.top/secure,phishing
http://safe-banking208.net/login,phishing
http://bank-secure521.com/account,phishing
http://urgent-update144.com/account,phishing
http://microsoft-secure738.net/update,phishing
http://account-update881.net/account,phishing
http://user-verification561.online/secure,phishing
http://free-gift362.com/update,phishing
http://confirm-details562.biz/account,phishing
http://safe-banking288.shop/secure,phishing
http://claim-reward399.ru/secure,phishing
http://urgent-update618.shop/account,phishing
http://login-now801.net/login,phishing
http://apple-support627.shop/update,phishing
http://login-now245.org/update,phishing
http://login-now556.net/secure,phishing
http://paypal-verify797.top/update,phishing
http://win-prize591.ru/update,phishing
http://credit-card-confirm118.ru/account,phishing
http://payment-secure800.com/secure,phishing
http://account-update126.online/secure,phishing
http://login-now205.club/update,phishing
http://paypal-verify490.ru/account,phishing
http://credit-card-confirm652.pro/login,phishing
http://microsoft-secure590.store/login,phishing
http://lottery-winner337.org/update,phishing
http://claim-reward861.com/update,phishing
http://free-gift927.pro/login,phishing
http://bank-secure852.biz/secure,phishing
http://verify-info931.biz/login,phishing
http://account-update663.co/account,phishing
http://login-now101.info/secure,phishing
http://apple-support179.shop/login,phishing
http://account-security628.shop/account,phishing
http://user-verification256.online/update,phishing
http://secure-access952.ru/login,phishing
http://account-security625.net/secure,phishing
http://safe-banking808.shop/secure,phishing
http://login-now641.top/login,phishing
http://login-now119.co/secure,phishing
http://user-verification716.store/secure,phishing
http://win-gift237.top/secure,phishing
http://verify-info614.org/login,phishing
http://win-prize743.biz/login,phishing
http://payment-secure992.ru/login,phishing
http://claim-reward856.info/account,phishing
http://win-gift973.pro/secure,phishing
http://cash-prize754.shop/account,phishing
http://safe-banking531.com/secure,phishing
http://account-update669.net/account,phishing
http://lottery-winner557.store/secure,phishing
http://credit-card-confirm369.top/account,phishing
http://safe-banking951.xyz/account,phishing
http://account-security512.club/account,phishing
http://banking-alert974.xyz/login,phishing
http://urgent-update752.store/update,phishing
http://lottery-winner196.co/account,phishing
http://apple-support309.net/login,phishing
http://win-gift942.shop/secure,phishing
http://free-offer926.org/secure,phishing
http://payment-secure315.com/update,phishing
http://win-gift158.info/login,phishing
http://urgent-update646.store/account,phishing
http://secure-access767.co/account,phishing
http://user-verification837.shop/secure,phishing
http://safe-banking391.co/account,phishing
http://login-now554.org/secure,phishing
http://account-update147.ru/secure,phishing
http://win-gift196.shop/secure,phishing
http://lottery-winner569.org/update,phishing
http://urgent-update263.xyz/login,phishing
http://bank-secure928.biz/account,phishing
http://microsoft-secure590.xyz/update,phishing
http://account-security913.club/account,phishing
http://bank-secure434.top/account,phishing
http://banking-alert735.online/login,phishing
http://banking-alert640.pro/secure,phishing
http://bank-secure893.pro/login,phishing
http://free-offer768.com/secure,phishing
http://safe-banking437.xyz/login,phishing
http://lottery-winner689.online/update,phishing
http://verify-info322.ru/secure,phishing
http://confirm-details710.xyz/update,phishing
http://paypal-verify283.shop/account,phishing
http://microsoft-secure729.club/account,phishing
http://paypal-verify596.ru/account,phishing
http://cash-prize755.info/account,phishing
http://safe-banking340.top/update,phishing
http://win-prize273.top/login,phishing
http://paypal-verify703.xyz/login,phishing
http://credit-card-confirm551.com/login,phishing
http://payment-secure363.ru/login,phishing
http://cash-prize569.shop/secure,phishing
http://cash-prize425.xyz/update,phishing
http://win-gift549.info/account,phishing
http://paypal-verify719.top/login,phishing
http://bank-secure775.net/secure,phishing
http://win-prize167.net/update,phishing
http://secure-access901.info/secure,phishing
http://microsoft-secure223.info/secure,phishing
http://cash-prize353.ru/secure,phishing
http://win-prize256.shop/account,phishing
http://user-verification573.org/secure,phishing
http://bank-secure822.top/update,phishing
http://claim-reward192.shop/login,phishing
http://cash-prize967.net/secure,phishing
http://free-gift485.online/login,phishing
http://safe-banking559.info/login,phishing
http://confirm-details534.club/login,phishing
http://free-offer552.org/account,phishing
http://credit-card-confirm258.top/update,phishing
http://verify-info711.info/update,phishing
http://secure-access379.club/secure,phishing
http://win-gift351.co/update,phishing
http://user-verification602.biz/account,phishing
http://cash-prize297.club/secure,phishing
http://lottery-winner857.net/secure,phishing
http://user-verification586.info/account,phishing
http://microsoft-secure434.top/login,phishing
http://banking-alert365.xyz/login,phishing
http://bank-secure553.club/secure,phishing
http://secure-access479.org/secure,phishing
http://confirm-details837.online/update,phishing
http://claim-reward893.top/login,phishing
http://paypal-verify637.store/account,phishing
http://account-update267.org/secure,phishing
http://account-security158.club/login,phishing
http://bank-secure169.com/update,phishing
http://claim-reward339.com/secure,phishing
http://win-gift752.store/update,phishing
http://safe-banking333.ru/update,phishing
http://user-verification337.online/account,phishing
http://urgent-update319.xyz/login,phishing
http://lottery-winner498.xyz/login,phishing
http://lottery-winner258.online/account,phishing
http://verify-info355.info/login,phishing
http://win-gift926.store/secure,phishing
http://free-offer250.xyz/account,phishing
http://urgent-update632.shop/update,phishing
http://safe-banking392.online/account,phishing
http://lottery-winner828.pro/login,phishing
http://win-gift990.biz/account,phishing
http://urgent-update143.shop/secure,phishing
http://credit-card-confirm596.top/login,phishing
http://credit-card-confirm431.shop/account,phishing
http://lottery-winner859.co/update,phishing
http://free-offer511.co/secure,phishing
http://account-security824.top/account,phishing
http://free-offer641.store/update,phishing
http://verify-info400.store/account,phishing
http://payment-secure579.biz/account,phishing
http://login-now484.org/secure,phishing
http://microsoft-secure342.org/account,phishing
http://apple-support541.top/login,phishing
http://apple-support420.top/update,phishing
http://paypal-verify754.top/account,phishing
http://user-verification547.com/secure,phishing
http://cash-prize591.ru/login,phishing
http://confirm-details773.co/update,phishing
http://user-verification129.net/account,phishing
http://win-gift779.shop/account,phishing
http://safe-banking148.net/login,phishing
http://lottery-winner563.club/account,phishing
http://apple-support156.xyz/update,phishing
http://paypal-verify708.org/update,phishing
http://lottery-winner333.xyz/account,phishing
http://secure-access616.co/account,phishing
http://urgent-update506.online/login,phishing
http://user-verification721.co/secure,phishing
http://confirm-details656.co/secure,phishing
http://bank-secure407.org/login,phishing
http://free-offer280.net/login,phishing
http://confirm-details989.club/account,phishing
http://account-security787.top/account,phishing
http://bank-secure849.shop/secure,phishing
http://paypal-verify881.store/account,phishing
http://free-offer329.ru/login,phishing
http://banking-alert260.co/account,phishing
http://lottery-winner751.pro/login,phishing
http://urgent-update504.pro/login,phishing
http://urgent-update420.xyz/secure,phishing
http://microsoft-secure605.info/login,phishing
http://urgent-update903.info/secure,phishing
http://payment-secure445.club/login,phishing
http://verify-info726.net/update,phishing
http://banking-alert601.xyz/update,phishing
http://credit-card-confirm245.biz/update,phishing
http://safe-banking280.store/update,phishing
http://win-prize308.shop/account,phishing
http://urgent-update355.pro/login,phishing
http://verify-info584.co/secure,phishing
http://lottery-winner592.ru/update,phishing
http://payment-secure537.top/secure,phishing
http://apple-support914.co/login,phishing
http://cash-prize975.info/update,phishing
http://win-prize183.org/account,phishing
http://safe-banking168.xyz/account,phishing
http://free-gift540.xyz/account,phishing
http://bank-secure363.info/secure,phishing
http://win-prize281.shop/account,phishing
http://win-prize997.store/account,phishing
http://bank-secure977.top/update,phishing
http://paypal-verify892.xyz/account,phishing
http://win-prize882.org/secure,phishing
http://microsoft-secure610.org/login,phishing
http://free-gift349.info/login,phishing
http://free-offer668.org/login,phishing
http://cash-prize946.org/login,phishing
http://account-update120.online/update,phishing
http://urgent-update459.club/account,phishing
http://account-update983.online/update,phishing
http://safe-banking560.shop/update,phishing
http://paypal-verify434.xyz/update,phishing
http://account-update643.club/secure,phishing
http://urgent-update501.info/account,phishing
http://bank-secure801.top/update,phishing
http://claim-reward466.net/update,phishing
http://win-prize245.shop/update,phishing
http://microsoft-secure547.club/secure,phishing
http://account-security452.ru/secure,phishing
http://account-update183.com/secure,phishing
http://microsoft-secure906.biz/login,phishing
http://payment-secure937.pro/account,phishing
http://bank-secure630.pro/account,phishing
http://safe-banking543.info/secure,phishing
http://microsoft-secure702.shop/secure,phishing
http://safe-banking651.co/account,phishing
http://lottery-winner600.info/secure,phishing
http://win-gift280.co/account,phishing
http://bank-secure704.xyz/login,phishing
http://free-gift183.co/account,phishing
http://free-gift220.club/account,phishing
http://account-security440.top/account,phishing
http://free-offer758.online/login,phishing
http://apple-support462.org/update,phishing
http://claim-reward695.info/account,phishing
http://cash-prize461.shop/update,phishing
http://payment-secure734.online/update,phishing
http://bank-secure939.net/update,phishing
http://account-update241.store/account,phishing
http://account-update184.store/secure,phishing
http://lottery-winner581.net/update,phishing
http://win-gift615.shop/account,phishing
http://paypal-verify690.pro/login,phishing
http://urgent-update360.online/update,phishing
http://user-verification123.info/secure,phishing
http://banking-alert516.store/secure,phishing
http://credit-card-confirm591.top/update,phishing
http://free-offer517.club/update,phishing
http://apple-support106.xyz/login,phishing
https://github.com/support,good
https://microsoft.com/contact,good
https://support.google.com/signin,good
https://amazon.in/learning,good
https://developer.mozilla.org/home,good
https://wikipedia.org/signin,good
https://developer.mozilla.org/contact,good
https://github.com/contact,good
https://python.org/online-services,good
https://wikipedia.org/en-US/docs,good
https://wikipedia.org/legal/privacy,good
https://paypal.com/signin,good
https://stackoverflow.com/security,good
https://github.com/online-services,good
https://example.com/help,good
https://wikipedia.org/home,good
https://example.com/en-US/docs,good
https://developer.mozilla.org/news,good
https://openai.com/about,good
https://microsoft.com/news,good
https://support.google.com/home,good
https://bankofamerica.com/security,good
https://python.org/products,good
https://support.google.com/services,good
https://wikipedia.org/learning,good
https://developer.mozilla.org/online-services,good
https://microsoft.com/learning,good
https://paypal.com/contact,good
https://openai.com/news,good
https://paypal.com/products,good
https://amazon.in/news,good
https://openai.com/services,good
https://example.com/about,good
https://example.com/about,good
https://stackoverflow.com/about,good
https://support.google.com/security,good
https://gitlab.com/blog,good
https://wikipedia.org/services,good
https://wikipedia.org/support,good
https://support.google.com/news,good
https://developer.mozilla.org/blog,good
https://stackoverflow.com/services,good
https://bankofamerica.com/support,good
https://linkedin.com/products,good
https://example.com/news,good
https://developer.mozilla.org/legal/privacy,good
https://microsoft.com/support,good
https://developer.mozilla.org/legal/privacy,good
https://linkedin.com/online-services,good
https://cloudflare.com/blog,good
https://amazon.in/signin,good
https://gitlab.com/learning,good
https://icicibank.com/products,good
https://apple.com/contact,good
https://gitlab.com/about,good
https://python.org/blog,good
https://apple.com/en-US/docs,good
https://wikipedia.org/blog,good
https://apple.com/security,good
https://cloudflare.com/online-services,good
https://hdfcbank.com/en-US/docs,good
https://icicibank.com/learning,good
https://example.com/learning,good
https://cloudflare.com/online-services,good
https://support.google.com/support,good
https://amazon.in/services,good
https://gitlab.com/en-US/docs,good
https://developer.mozilla.org/blog,good
https://wikipedia.org/services,good
https://cloudflare.com/learning,good
https://cloudflare.com/en-US/docs,good
https://developer.mozilla.org/products,good
https://developer.mozilla.org/home,good
https://amazon.in/en-US/docs,good
https://gitlab.com/legal/privacy,good
https://support.google.com/online-services,good
https://amazon.in/learning,good
https://linkedin.com/security,good
https://apple.com/legal/privacy,good
https://github.com/products,good
https://linkedin.com/support,good
https://apple.com/services,good
https://openai.com/support,good
https://example.com/learning,good
https://microsoft.com/products,good
https://cloudflare.com/signin,good
https://example.com/support,good
https://wikipedia.org/home,good
https://stackoverflow.com/products,good
https://bankofamerica.com/security,good
https://cloudflare.com/news,good
https://example.com/about,good
https://python.org/contact,good
https://microsoft.com/products,good
https://stackoverflow.com/legal/privacy,good
https://amazon.in/blog,good
https://openai.com/contact,good
https://openai.com/products,good
https://stackoverflow.com/en-US/docs,good
https://linkedin.com/home,good
https://bankofamerica.com/legal/privacy,good
https://stackoverflow.com/legal/privacy,good
https://apple.com/signin,good
https://wikipedia.org/signin,good
https://amazon.in/home,good
https://microsoft.com/blog,good
https://apple.com/services,good
https://cloudflare.com/security,good
https://linkedin.com/support,good
https://microsoft.com/support,good
https://gitlab.com/products,good
https://amazon.in/legal/privacy,good
https://microsoft.com/home,good
https://example.com/services,good
https://developer.mozilla.org/en-US/docs,good
https://hdfcbank.com/services,good
https://support.google.com/services,good
https://example.com/about,good
https://openai.com/products,good
https://microsoft.com/blog,good
https://openai.com/legal/privacy,good
https://example.com/support,good
https://python.org/products,good
https://wikipedia.org/products,good
https://wikipedia.org/signin,good
https://python.org/news,good
https://wikipedia.org/help,good
https://apple.com/contact,good
https://openai.com/about,good
https://hdfcbank.com/help,good
https://cloudflare.com/security,good
https://microsoft.com/services,good
https://microsoft.com/help,good
https://hdfcbank.com/news,good
https://developer.mozilla.org/security,good
https://github.com/security,good
https://hdfcbank.com/help,good
https://stackoverflow.com/signin,good
https://example.com/contact,good
https://bankofamerica.com/blog,good
https://stackoverflow.com/en-US/docs,good
https://example.com/news,good
https://icicibank.com/signin,good
https://openai.com/home,good
https://gitlab.com/about,good
https://paypal.com/en-US/docs,good
https://stackoverflow.com/blog,good
https://amazon.in/home,good
https://apple.com/support,good
https://apple.com/legal/privacy,good
https://cloudflare.com/help,good
https://amazon.in/home,good
https://python.org/en-US/docs,good
https://github.com/support,good
https://cloudflare.com/products,good
https://microsoft.com/en-US/docs,good
https://gitlab.com/about,good
https://python.org/home,good
https://example.com/en-US/docs,good
https://developer.mozilla.org/learning,good
https://amazon.in/en-US/docs,good
https://example.com/learning,good
https://cloudflare.com/learning,good
https://hdfcbank.com/learning,good
https://microsoft.com/services,good
https://linkedin.com/contact,good
https://paypal.com/products,good
https://example.com/services,good
https://stackoverflow.com/blog,good
https://paypal.com/legal/privacy,good
https://gitlab.com/services,good
https://linkedin.com/services,good
https://openai.com/support,good
https://cloudflare.com/online-services,good
https://example.com/about,good
https://github.com/support,good
https://wikipedia.org/services,good
https://github.com/learning,good
https://amazon.in/support,good
https://microsoft.com/news,good
https://linkedin.com/help,good
https://bankofamerica.com/legal/privacy,good
https://support.google.com/online-services,good
https://wikipedia.org/products,good
https://paypal.com/learning,good
https://openai.com/learning,good
https://bankofamerica.com/online-services,good
https://microsoft.com/online-services,good
https://icicibank.com/home,good
https://github.com/home,good
https://support.google.com/security,good
https://example.com/services,good
https://gitlab.com/learning,good
https://bankofamerica.com/contact,good
https://wikipedia.org/online-services,good
https://linkedin.com/security,good
https://linkedin.com/contact,good
https://example.com/news,good
https://hdfcbank.com/support,good
https://microsoft.com/online-services,good
https://python.org/support,good
https://paypal.com/blog,good
https://support.google.com/about,good
https://example.com/blog,good
https://bankofamerica.com/services,good
https://stackoverflow.com/home,good
https://github.com/services,good
https://openai.com/products,good
https://openai.com/support,good
https://bankofamerica.com/learning,good
https://wikipedia.org/services,good
https://microsoft.com/en-US/docs,good
https://support.google.com/contact,good
https://apple.com/learning,good
https://apple.com/learning,good
https://amazon.in/legal/privacy,good
https://support.google.com/learning,good
https://microsoft.com/help,good
https://bankofamerica.com/signin,good
https://github.com/legal/privacy,good
https://gitlab.com/services,good
https://hdfcbank.com/learning,good
https://python.org/signin,good
https://paypal.com/help,good
https://paypal.com/online-services,good
https://stackoverflow.com/services,good
https://stackoverflow.com/news,good
https://support.google.com/blog,good
https://microsoft.com/support,good
https://icicibank.com/help,good
https://apple.com/home,good
https://developer.mozilla.org/online-services,good
https://gitlab.com/legal/privacy,good
https://apple.com/about,good
https://support.google.com/blog,good
https://paypal.com/news,good
https://amazon.in/products,good
https://example.com/home,good
https://wikipedia.org/blog,good
https://microsoft.com/security,good
https://wikipedia.org/signin,good
https://microsoft.com/help,good
https://gitlab.com/support,good
https://openai.com/learning,good
https://bankofamerica.com/products,good
https://example.com/home,good
https://openai.com/news,good
https://apple.com/en-US/docs,good
https://apple.com/en-US/docs,good
https://developer.mozilla.org/signin,good
https://support.google.com/signin,good
https://amazon.in/contact,good
https://hdfcbank.com/blog,good
https://stackoverflow.com/contact,good
https://github.com/online-services,good
https://cloudflare.com/legal/privacy,good
https://amazon.in/signin,good
https://hdfcbank.com/legal/privacy,good
https://wikipedia.org/about,good
https://icicibank.com/blog,good
https://support.google.com/help,good
https://icicibank.com/support,good
https://python.org/contact,good
https://bankofamerica.com/help,good
https://apple.com/home,good
https://icicibank.com/about,good
https://support.google.com/support,good
https://amazon.in/security,good
https://python.org/signin,good
https://amazon.in/contact,good
https://support.google.com/blog,good
https://example.com/en-US/docs,good
https://example.com/security,good
https://example.com/security,good
https://developer.mozilla.org/security,good
https://icicibank.com/online-services,good
https://amazon.in/legal/privacy,good
https://example.com/about,good
https://example.com/support,good
https://stackoverflow.com/services,good
https://support.google.com/about,good
https://paypal.com/about,good
https://paypal.com/security,good
https://example.com/security,good
https://gitlab.com/about,good
https://amazon.in/security,good
https://apple.com/services,good
https://gitlab.com/online-services,good
https://hdfcbank.com/help,good
https://microsoft.com/signin,good
https://wikipedia.org/legal/privacy,good
https://amazon.in/about,good
https://linkedin.com/signin,good
https://microsoft.com/services,good
https://wikipedia.org/about,good
https://paypal.com/learning,good
https://linkedin.com/legal/privacy,good
https://openai.com/security,good
https://icicibank.com/support,good
https://bankofamerica.com/help,good
https://linkedin.com/services,good
https://amazon.in/online-services,good
https://linkedin.com/news,good
https://linkedin.com/services,good
https://example.com/products,good
https://support.google.com/blog,good
https://microsoft.com/services,good
https://example.com/blog,good
https://linkedin.com/blog,good
https://amazon.in/products,good
https://developer.mozilla.org/blog,good
https://gitlab.com/about,good
https://apple.com/legal/privacy,good
https://icicibank.com/contact,good
https://microsoft.com/en-US/docs,good
https://developer.mozilla.org/about,good
https://cloudflare.com/help,good
https://linkedin.com/legal/privacy,good
https://bankofamerica.com/security,good
https://linkedin.com/online-services,good
https://microsoft.com/online-services,good
https://example.com/blog,good
https://microsoft.com/support,good
https://developer.mozilla.org/about,good
https://support.google.com/contact,good
https://bankofamerica.com/blog,good
https://developer.mozilla.org/support,good
https://github.com/learning,good
https://developer.mozilla.org/en-US/docs,good
https://gitlab.com/products,good
https://stackoverflow.com/signin,good
https://linkedin.com/blog,good
https://paypal.com/about,good
https://linkedin.com/home,good
https://icicibank.com/home,good
https://microsoft.com/learning,good
https://bankofamerica.com/security,good
https://microsoft.com/news,good
https://icicibank.com/support,good
https://example.com/legal/privacy,good
https://linkedin.com/news,good
https://apple.com/en-US/docs,good
https://example.com/legal/privacy,good
https://paypal.com/help,good
https://gitlab.com/support,good
https://icicibank.com/news,good
https://bankofamerica.com/security,good
https://hdfcbank.com/online-services,good
https://paypal.com/services,good
https://python.org/services,good
https://apple.com/learning,good
https://microsoft.com/learning,good
https://microsoft.com/services,good
https://stackoverflow.com/contact,good
https://wikipedia.org/news,good
https://support.google.com/online-services,good
https://microsoft.com/signin,good
https://amazon.in/support,good
https://icicibank.com/home,good
https://developer.mozilla.org/blog,good
https://apple.com/learning,good
https://stackoverflow.com/home,good
https://hdfcbank.com/news,good
https://icicibank.com/legal/privacy,good
https://wikipedia.org/security,good
https://amazon.in/signin,good
https://example.com/learning,good
https://gitlab.com/signin,good
https://github.com/news,good
https://microsoft.com/services,good
https://developer.mozilla.org/security,good
https://microsoft.com/products,good
https://cloudflare.com/help,good
https://wikipedia.org/en-US/docs,good
https://support.google.com/online-services,good
https://amazon.in/legal/privacy,good
https://python.org/services,good
https://paypal.com/blog,good
https://apple.com/help,good
https://support.google.com/help,good
https://linkedin.com/blog,good
https://stackoverflow.com/news,good
https://paypal.com/contact,good
https://paypal.com/online-services,good
https://support.google.com/products,good
https://gitlab.com/online-services,good
https://openai.com/en-US/docs,good
https://microsoft.com/services,good
https://paypal.com/blog,good
https://linkedin.com/support,good
https://microsoft.com/blog,good
https://gitlab.com/signin,good
https://hdfcbank.com/products,good
https://python.org/help,good
https://paypal.com/help,good
https://gitlab.com/en-US/docs,good
https://apple.com/support,good
https://python.org/online-services,good
https://apple.com/blog,good
https://python.org/legal/privacy,good
https://python.org/contact,good
https://microsoft.com/products,good
https://hdfcbank.com/services,good
https://support.google.com/online-services,good
https://python.org/home,good
https://github.com/about,good
https://cloudflare.com/home,good
https://python.org/news,good
https://gitlab.com/en-US/docs,good
https://example.com/online-services,good
https://hdfcbank.com/about,good
https://paypal.com/contact,good
https://paypal.com/help,good
https://gitlab.com/home,good
https://openai.com/signin,good
https://linkedin.com/en-US/docs,good
https://python.org/learning,good
https://microsoft.com/security,good
https://developer.mozilla.org/help,good
https://bankofamerica.com/support,good
https://python.org/online-services,good
https://linkedin.com/legal/privacy,good
https://amazon.in/services,good
https://wikipedia.org/security,good
https://icicibank.com/signin,good
https://github.com/support,good
https://support.google.com/services,good
https://developer.mozilla.org/online-services,good
https://hdfcbank.com/support,good
https://hdfcbank.com/security,good
https://developer.mozilla.org/help,good
https://cloudflare.com/support,good
https://support.google.com/online-services,good
https://cloudflare.com/learning,good
https://gitlab.com/services,good
https://icicibank.com/help,good
https://hdfcbank.com/en-US/docs,good
https://hdfcbank.com/legal/privacy,good
https://github.com/about,good
https://paypal.com/about,good
https://python.org/legal/privacy,good
https://icicibank.com/services,good
https://github.com/online-services,good
https://example.com/news,good
https://python.org/services,good
https://amazon.in/home,good
https://cloudflare.com/learning,good
https://openai.com/security,good
https://microsoft.com/news,good
https://amazon.in/about,good
https://openai.com/services,good
https://microsoft.com/home,good
https://bankofamerica.com/legal/privacy,good
https://hdfcbank.com/services,good
https://hdfcbank.com/contact,good
https://python.org/services,good
https://github.com/legal/privacy,good
https://wikipedia.org/signin,good
https://python.org/en-US/docs,good
https://developer.mozilla.org/support,good
https://python.org/security,good
https://support.google.com/signin,good
https://amazon.in/products,good
https://github.com/learning,good
https://stackoverflow.com/services,good
https://developer.mozilla.org/blog,good
https://stackoverflow.com/services,good
https://support.google.com/news,good
https://amazon.in/legal/privacy,good
https://python.org/security,good
https://wikipedia.org/en-US/docs,good
https://paypal.com/security,good
https://openai.com/products,good
https://wikipedia.org/contact,good
https://stackoverflow.com/online-services,good
https://wikipedia.org/signin,good
https://apple.com/help,good
https://support.google.com/products,good
https://openai.com/home,good
https://openai.com/learning,good
https://linkedin.com/services,good
https://bankofamerica.com/about,good
https://paypal.com/security,good
https://cloudflare.com/learning,good
https://openai.com/home,good
https://paypal.com/products,good
https://amazon.in/products,good
https://python.org/signin,good
https://linkedin.com/home,good
https://cloudflare.com/home,good
https://amazon.in/en-US/docs,good
https://openai.com/help,good
https://icicibank.com/online-services,good
https://paypal.com/blog,good
https://example.com/help,good
https://microsoft.com/services,good
https://amazon.in/security,good
https://python.org/online-services,good
https://paypal.com/help,good
https://apple.com/support,good
